batch_norm,accuracy,roc_auc
With (momentum=0.1),0.966275659824047,0.8650482093663912
With (momentum=0.9),0.968475073313783,0.8759641873278238
Without,0.966275659824047,0.8768767217630854
