,Age,Year,Genetic_Risk,Air_Pollution,Alcohol_Use,Smoking,Obesity_Level,Treatment_Cost_USD,Survival_Years,Target_Severity_Score
count,50000.0,50000.0,50000.0,50000.0,50000.0,50000.0,50000.0,50000.0,50000.0,50000.0
mean,54.42154,2019.48052,5.001697999999999,5.0101260000000005,5.01088,4.989826000000001,4.991175999999999,52467.29823860001,5.006462,4.9512073999999995
std,20.224451156876714,2.871484883837761,2.885772525764532,2.8883993700910584,2.8887686867055495,2.881578726955624,2.8945040508000677,27363.229378979515,2.8833354843004826,1.1996767800840247
min,20.0,2015.0,0.0,0.0,0.0,0.0,0.0,5000.05,0.0,0.9
25%,37.0,2017.0,2.5,2.5,2.5,2.5,2.5,28686.225,2.5,4.12
50%,54.0,2019.0,5.0,5.0,5.0,5.0,5.0,52474.31,5.0,4.95
75%,72.0,2022.0,7.5,7.5,7.5,7.5,7.5,76232.72,7.5,5.78
max,89.0,2024.0,10.0,10.0,10.0,10.0,10.0,99999.84,10.0,9.16
