initialization,accuracy,roc_auc
Xavier,0.9618768328445748,0.8486914600550963
He,0.9655425219941349,0.8481749311294766
Uniform,0.9655425219941349,0.7797176308539945
