initialization,accuracy,roc_auc
Xavier,0.9964,0.9999631997880308
He,0.9946,0.9998921993790685
Uniform,0.9943,0.9999096794797538
